CustomerID,Recency,Frequency,Monetary,R_Score,F_Score,M_Score,RFM_Segment,RFM_Score,Customer_Profile
10000,29,9,788.23,3,4,4,344,11,Champions
10001,14,6,389.84000000000003,4,3,3,433,10,Loyal Customers
10002,104,4,229.43,1,2,2,122,5,At Risk
10003,50,2,54.839999999999996,3,1,1,311,5,At Risk
10004,29,5,459.36,3,2,4,324,9,Loyal Customers
10005,88,1,62.94,2,1,1,211,4,Lost
10006,61,7,315.75,2,4,3,243,9,Loyal Customers
10007,4,7,259.42,4,4,2,442,10,Loyal Customers
10008,85,3,273.03000000000003,2,1,2,212,5,At Risk
10009,17,6,323.59,4,3,3,433,10,Loyal Customers
10010,106,4,555.42,1,2,4,124,7,Potential Loyalists
10011,28,10,346.36,3,4,3,343,10,Loyal Customers
10012,13,5,242.78,4,2,2,422,8,Potential Loyalists
10013,71,4,244.78,2,2,2,222,6,At Risk
10014,51,5,126.1,3,2,1,321,6,At Risk
10015,5,5,391.34999999999997,4,2,3,423,9,Loyal Customers
10016,25,8,513.22,3,4,4,344,11,Champions
10017,89,2,71.27,2,1,1,211,4,Lost
10018,29,7,538.96,3,4,4,344,11,Champions
10019,15,7,538.0799999999999,4,4,4,444,12,Champions
10020,88,7,254.64,2,4,2,242,8,Potential Loyalists
10021,30,7,373.6,3,4,3,343,10,Loyal Customers
10022,149,6,360.85,1,3,3,133,7,Potential Loyalists
10023,275,1,67.4,1,1,1,111,3,Lost
10024,45,6,177.44,3,3,2,332,8,Potential Loyalists
10025,162,5,229.94,1,2,2,122,5,At Risk
10026,45,3,290.22,3,1,3,313,7,Potential Loyalists
10027,27,6,408.4,3,3,4,334,10,Loyal Customers
10028,61,7,339.57,2,4,3,243,9,Loyal Customers
10029,204,2,107.14999999999999,1,1,1,111,3,Lost
10030,235,2,136.32,1,1,1,111,3,Lost
10031,162,2,188.34,1,1,2,112,4,Lost
10032,41,3,119.57,3,1,1,311,5,At Risk
10033,104,3,80.80000000000001,1,1,1,111,3,Lost
10034,25,7,371.72,3,4,3,343,10,Loyal Customers
10035,7,4,245.11,4,2,2,422,8,Potential Loyalists
10036,24,5,198.92,3,2,2,322,7,Potential Loyalists
10037,105,3,211.70999999999998,1,1,2,112,4,Lost
10038,22,12,488.01,3,4,4,344,11,Champions
10039,22,6,235.42999999999998,3,3,2,332,8,Potential Loyalists
10040,14,9,545.75,4,4,4,444,12,Champions
10041,25,5,412.77,3,2,4,324,9,Loyal Customers
10042,8,6,446.4,4,3,4,434,11,Champions
10043,121,3,111.80000000000001,1,1,1,111,3,Lost
10044,21,1,175.59,3,1,2,312,6,At Risk
10045,93,4,180.15,2,2,2,222,6,At Risk
10046,19,9,435.51,4,4,4,444,12,Champions
10047,53,3,92.64,2,1,1,211,4,Lost
10048,82,6,419.2,2,3,4,234,9,Loyal Customers
10049,10,2,74.43,4,1,1,411,6,At Risk
10050,81,6,184.54,2,3,2,232,7,Potential Loyalists
10052,60,6,253.28,2,3,2,232,7,Potential Loyalists
10053,39,5,452.75,3,2,4,324,9,Loyal Customers
10054,138,5,282.0,1,2,3,123,6,At Risk
10055,46,3,272.73,3,1,2,312,6,At Risk
10056,60,3,270.33,2,1,2,212,5,At Risk
10057,43,6,459.88,3,3,4,334,10,Loyal Customers
10058,12,5,350.89,4,2,3,423,9,Loyal Customers
10059,76,4,205.51999999999998,2,2,2,222,6,At Risk
10060,70,3,80.72,2,1,1,211,4,Lost
10061,39,4,163.2,3,2,1,321,6,At Risk
10062,2,7,493.90999999999997,4,4,4,444,12,Champions
10063,118,2,57.1,1,1,1,111,3,Lost
10064,25,6,252.8,3,3,2,332,8,Potential Loyalists
10065,134,6,335.77,1,3,3,133,7,Potential Loyalists
10066,89,3,45.14,2,1,1,211,4,Lost
10067,73,3,81.5,2,1,1,211,4,Lost
10068,13,7,536.75,4,4,4,444,12,Champions
10069,17,4,291.84,4,2,3,423,9,Loyal Customers
10071,40,4,165.81,3,2,1,321,6,At Risk
10072,25,7,520.4000000000001,3,4,4,344,11,Champions
10073,161,2,159.54,1,1,1,111,3,Lost
10074,68,11,859.23,2,4,4,244,10,Loyal Customers
10075,51,5,518.52,3,2,4,324,9,Loyal Customers
10076,193,2,70.99000000000001,1,1,1,111,3,Lost
10077,7,6,418.6,4,3,4,434,11,Champions
10078,47,4,129.24,3,2,1,321,6,At Risk
10079,239,2,92.73,1,1,1,111,3,Lost
10080,40,5,185.47,3,2,2,322,7,Potential Loyalists
10081,17,4,261.96,4,2,2,422,8,Potential Loyalists
10082,149,4,294.33000000000004,1,2,3,123,6,At Risk
10083,21,10,502.62,3,4,4,344,11,Champions
10084,7,3,184.41,4,1,2,412,7,Potential Loyalists
10085,69,7,261.32,2,4,2,242,8,Potential Loyalists
10086,2,6,628.38,4,3,4,434,11,Champions
10087,11,4,262.02000000000004,4,2,2,422,8,Potential Loyalists
10088,63,5,358.66999999999996,2,2,3,223,7,Potential Loyalists
10089,65,5,497.99,2,2,4,224,8,Potential Loyalists
10090,129,2,55.53,1,1,1,111,3,Lost
10091,85,6,471.13,2,3,4,234,9,Loyal Customers
10092,36,3,119.14,3,1,1,311,5,At Risk
10093,214,1,54.26,1,1,1,111,3,Lost
10094,156,5,228.74,1,2,2,122,5,At Risk
10095,2,4,351.25,4,2,3,423,9,Loyal Customers
10096,145,3,218.38,1,1,2,112,4,Lost
10097,141,4,278.01,1,2,3,123,6,At Risk
10098,13,12,829.51,4,4,4,444,12,Champions
10099,57,3,122.81,2,1,1,211,4,Lost
10100,41,4,222.0,3,2,2,322,7,Potential Loyalists
10101,7,7,488.75,4,4,4,444,12,Champions
10102,49,5,319.08,3,2,3,323,8,Potential Loyalists
10103,25,8,460.0,3,4,4,344,11,Champions
10104,69,3,116.61,2,1,1,211,4,Lost
10105,59,6,269.2,2,3,2,232,7,Potential Loyalists
10106,26,5,282.76,3,2,3,323,8,Potential Loyalists
10107,65,5,286.88,2,2,3,223,7,Potential Loyalists
10108,12,8,477.15999999999997,4,4,4,444,12,Champions
10109,203,1,13.66,1,1,1,111,3,Lost
10110,61,7,307.09999999999997,2,4,3,243,9,Loyal Customers
10111,4,3,398.86,4,1,4,414,9,Loyal Customers
10112,44,12,796.58,3,4,4,344,11,Champions
10113,43,5,191.73,3,2,2,322,7,Potential Loyalists
10114,44,4,137.25,3,2,1,321,6,At Risk
10115,16,4,466.54999999999995,4,2,4,424,10,Loyal Customers
10116,6,9,447.4,4,4,4,444,12,Champions
10117,13,9,605.1899999999999,4,4,4,444,12,Champions
10118,9,6,412.21000000000004,4,3,4,434,11,Champions
10119,94,7,368.54,2,4,3,243,9,Loyal Customers
10120,182,2,64.71,1,1,1,111,3,Lost
10121,35,6,364.06,3,3,3,333,9,Loyal Customers
10122,235,2,38.45,1,1,1,111,3,Lost
10123,64,8,564.22,2,4,4,244,10,Loyal Customers
10124,51,3,205.89,3,1,2,312,6,At Risk
10125,13,6,372.11,4,3,3,433,10,Loyal Customers
10126,144,7,343.49,1,4,3,143,8,Potential Loyalists
10127,18,6,553.71,4,3,4,434,11,Champions
10128,14,6,417.4,4,3,4,434,11,Champions
10129,14,9,548.66,4,4,4,444,12,Champions
10130,48,8,514.62,3,4,4,344,11,Champions
10131,38,5,177.56,3,2,2,322,7,Potential Loyalists
10132,35,6,329.78,3,3,3,333,9,Loyal Customers
10133,39,3,92.62,3,1,1,311,5,At Risk
10134,13,2,88.39,4,1,1,411,6,At Risk
10135,180,2,107.98,1,1,1,111,3,Lost
10136,34,5,246.59,3,2,2,322,7,Potential Loyalists
10137,204,3,372.75,1,1,3,113,5,At Risk
10138,160,4,617.11,1,2,4,124,7,Potential Loyalists
10139,168,3,240.32,1,1,2,112,4,Lost
10140,77,6,248.76,2,3,2,232,7,Potential Loyalists
10141,65,4,184.5,2,2,2,222,6,At Risk
10142,6,7,443.42,4,4,4,444,12,Champions
10143,73,7,573.41,2,4,4,244,10,Loyal Customers
10144,13,7,479.87,4,4,4,444,12,Champions
10145,64,6,275.86,2,3,2,232,7,Potential Loyalists
10146,95,7,517.36,2,4,4,244,10,Loyal Customers
10147,8,6,300.29,4,3,3,433,10,Loyal Customers
10148,6,7,180.02,4,4,2,442,10,Loyal Customers
10149,198,1,34.56,1,1,1,111,3,Lost
10150,94,4,172.71,2,2,1,221,5,At Risk
10151,155,4,153.32999999999998,1,2,1,121,4,Lost
10152,114,5,633.14,1,2,4,124,7,Potential Loyalists
10153,62,8,420.96000000000004,2,4,4,244,10,Loyal Customers
10154,78,3,77.0,2,1,1,211,4,Lost
10155,104,7,394.57,1,4,3,143,8,Potential Loyalists
10156,79,5,303.94,2,2,3,223,7,Potential Loyalists
10157,198,3,200.26999999999998,1,1,2,112,4,Lost
10158,51,6,455.82000000000005,3,3,4,334,10,Loyal Customers
10159,110,7,417.39,1,4,4,144,9,Loyal Customers
10160,34,10,562.13,3,4,4,344,11,Champions
10161,90,7,476.39,2,4,4,244,10,Loyal Customers
10162,40,7,370.73,3,4,3,343,10,Loyal Customers
10163,18,4,331.21999999999997,4,2,3,423,9,Loyal Customers
10164,211,7,726.55,1,4,4,144,9,Loyal Customers
10165,258,3,215.07,1,1,2,112,4,Lost
10166,20,5,230.77999999999997,3,2,2,322,7,Potential Loyalists
10167,36,6,231.06,3,3,2,332,8,Potential Loyalists
10168,74,1,126.2,2,1,1,211,4,Lost
10169,54,5,160.35000000000002,2,2,1,221,5,At Risk
10170,33,2,293.02,3,1,3,313,7,Potential Loyalists
10171,11,7,331.41,4,4,3,443,11,Champions
10172,19,7,485.04,4,4,4,444,12,Champions
10173,46,3,158.85999999999999,3,1,1,311,5,At Risk
10174,179,2,253.85000000000002,1,1,2,112,4,Lost
10175,15,3,164.07999999999998,4,1,1,411,6,At Risk
10176,120,4,130.96,1,2,1,121,4,Lost
10177,9,5,360.98,4,2,3,423,9,Loyal Customers
10178,188,3,298.82,1,1,3,113,5,At Risk
10179,62,3,93.26,2,1,1,211,4,Lost
10180,248,1,131.86,1,1,1,111,3,Lost
10181,31,6,404.9,3,3,4,334,10,Loyal Customers
10182,72,8,313.02,2,4,3,243,9,Loyal Customers
10183,8,5,277.05,4,2,2,422,8,Potential Loyalists
10184,95,1,10.36,2,1,1,211,4,Lost
10185,182,3,144.47,1,1,1,111,3,Lost
10186,48,3,262.07,3,1,2,312,6,At Risk
10187,11,9,579.3199999999999,4,4,4,444,12,Champions
10188,210,1,10.55,1,1,1,111,3,Lost
10189,75,9,690.51,2,4,4,244,10,Loyal Customers
10190,16,5,356.43,4,2,3,423,9,Loyal Customers
10191,41,6,197.79000000000002,3,3,2,332,8,Potential Loyalists
10192,190,2,100.93,1,1,1,111,3,Lost
10193,116,7,614.06,1,4,4,144,9,Loyal Customers
10194,28,5,362.95,3,2,3,323,8,Potential Loyalists
10195,76,8,428.64,2,4,4,244,10,Loyal Customers
10197,11,5,594.06,4,2,4,424,10,Loyal Customers
10198,30,2,58.32,3,1,1,311,5,At Risk
10199,72,3,69.25,2,1,1,211,4,Lost
10200,47,9,640.99,3,4,4,344,11,Champions
10201,45,6,228.99,3,3,2,332,8,Potential Loyalists
10202,36,5,150.7,3,2,1,321,6,At Risk
10203,107,4,242.89000000000001,1,2,2,122,5,At Risk
10204,201,2,125.07,1,1,1,111,3,Lost
10205,69,4,94.28,2,2,1,221,5,At Risk
10206,26,4,107.6,3,2,1,321,6,At Risk
10207,91,4,204.61,2,2,2,222,6,At Risk
10208,19,3,141.27,4,1,1,411,6,At Risk
10209,30,6,385.72,3,3,3,333,9,Loyal Customers
10210,49,4,215.96,3,2,2,322,7,Potential Loyalists
10211,133,1,63.18,1,1,1,111,3,Lost
10212,44,6,264.77,3,3,2,332,8,Potential Loyalists
10213,2,5,410.99,4,2,4,424,10,Loyal Customers
10214,122,4,113.71000000000001,1,2,1,121,4,Lost
10215,101,8,527.91,1,4,4,144,9,Loyal Customers
10216,109,7,489.96000000000004,1,4,4,144,9,Loyal Customers
10217,24,7,395.53,3,4,3,343,10,Loyal Customers
10218,114,1,186.34,1,1,2,112,4,Lost
10219,51,10,562.73,3,4,4,344,11,Champions
10220,26,3,151.94,3,1,1,311,5,At Risk
10221,159,4,219.67000000000002,1,2,2,122,5,At Risk
10222,8,9,383.75,4,4,3,443,11,Champions
10223,20,5,319.43,3,2,3,323,8,Potential Loyalists
10224,39,6,362.11,3,3,3,333,9,Loyal Customers
10225,138,8,444.02,1,4,4,144,9,Loyal Customers
10226,45,9,413.14,3,4,4,344,11,Champions
10227,105,5,387.88,1,2,3,123,6,At Risk
10228,46,8,449.21,3,4,4,344,11,Champions
10229,18,3,130.18,4,1,1,411,6,At Risk
10230,32,8,554.69,3,4,4,344,11,Champions
10231,10,3,178.13,4,1,2,412,7,Potential Loyalists
10232,18,10,533.01,4,4,4,444,12,Champions
10233,58,3,223.13,2,1,2,212,5,At Risk
10234,47,4,258.7,3,2,2,322,7,Potential Loyalists
10235,49,4,255.57999999999998,3,2,2,322,7,Potential Loyalists
10236,36,4,225.4,3,2,2,322,7,Potential Loyalists
10237,183,3,100.81,1,1,1,111,3,Lost
10238,16,5,337.3,4,2,3,423,9,Loyal Customers
10239,301,1,11.2,1,1,1,111,3,Lost
10240,113,2,51.84,1,1,1,111,3,Lost
10241,18,8,670.36,4,4,4,444,12,Champions
10242,16,5,284.71,4,2,3,423,9,Loyal Customers
10243,32,4,123.94,3,2,1,321,6,At Risk
10244,130,2,222.82999999999998,1,1,2,112,4,Lost
10245,47,4,351.88,3,2,3,323,8,Potential Loyalists
10246,66,3,311.71,2,1,3,213,6,At Risk
10247,55,2,93.08,2,1,1,211,4,Lost
10248,140,2,139.73,1,1,1,111,3,Lost
10249,62,5,305.58,2,2,3,223,7,Potential Loyalists
10250,10,7,240.37,4,4,2,442,10,Loyal Customers
10251,28,2,197.19,3,1,2,312,6,At Risk
10252,48,8,443.21999999999997,3,4,4,344,11,Champions
10253,52,9,353.51,2,4,3,243,9,Loyal Customers
10254,42,1,25.7,3,1,1,311,5,At Risk
10255,54,4,164.05,2,2,1,221,5,At Risk
10256,17,4,193.12,4,2,2,422,8,Potential Loyalists
10257,71,3,106.91,2,1,1,211,4,Lost
10258,10,6,350.0,4,3,3,433,10,Loyal Customers
10259,67,6,173.32999999999998,2,3,1,231,6,At Risk
10260,117,8,364.13,1,4,3,143,8,Potential Loyalists
10261,28,5,268.83,3,2,2,322,7,Potential Loyalists
10262,84,4,245.8,2,2,2,222,6,At Risk
10263,30,6,275.76,3,3,2,332,8,Potential Loyalists
10264,84,4,262.31,2,2,2,222,6,At Risk
10265,126,3,113.03999999999999,1,1,1,111,3,Lost
10266,22,3,59.879999999999995,3,1,1,311,5,At Risk
10267,12,11,624.53,4,4,4,444,12,Champions
10268,116,2,52.69,1,1,1,111,3,Lost
10269,13,6,588.83,4,3,4,434,11,Champions
10270,32,4,373.78,3,2,3,323,8,Potential Loyalists
10271,154,3,139.58,1,1,1,111,3,Lost
10272,90,8,481.59,2,4,4,244,10,Loyal Customers
10273,159,4,348.68,1,2,3,123,6,At Risk
10274,186,2,83.28,1,1,1,111,3,Lost
10275,125,3,274.17,1,1,2,112,4,Lost
10276,87,11,997.8100000000001,2,4,4,244,10,Loyal Customers
10277,11,4,171.92000000000002,4,2,1,421,7,Potential Loyalists
10278,109,5,348.59000000000003,1,2,3,123,6,At Risk
10279,4,5,258.26,4,2,2,422,8,Potential Loyalists
10280,108,4,365.86,1,2,3,123,6,At Risk
10281,4,3,85.53999999999999,4,1,1,411,6,At Risk
10282,1,6,304.4,4,3,3,433,10,Loyal Customers
10283,16,5,262.95,4,2,2,422,8,Potential Loyalists
10284,8,7,467.5,4,4,4,444,12,Champions
10285,90,4,96.72,2,2,1,221,5,At Risk
10286,38,6,317.59,3,3,3,333,9,Loyal Customers
10287,6,8,500.84,4,4,4,444,12,Champions
10288,6,10,540.01,4,4,4,444,12,Champions
10289,182,3,313.27,1,1,3,113,5,At Risk
10290,40,4,224.46,3,2,2,322,7,Potential Loyalists
10291,93,3,82.22,2,1,1,211,4,Lost
10292,59,5,180.56,2,2,2,222,6,At Risk
10293,99,4,315.81,2,2,3,223,7,Potential Loyalists
10294,95,5,272.85999999999996,2,2,2,222,6,At Risk
10295,18,7,574.9000000000001,4,4,4,444,12,Champions
10296,42,2,217.48,3,1,2,312,6,At Risk
10297,81,3,290.81,2,1,3,213,6,At Risk
10299,48,3,212.14999999999998,3,1,2,312,6,At Risk
10300,43,7,313.92,3,4,3,343,10,Loyal Customers
10301,12,10,700.48,4,4,4,444,12,Champions
10302,16,8,517.68,4,4,4,444,12,Champions
10303,6,5,247.18,4,2,2,422,8,Potential Loyalists
10304,34,8,544.61,3,4,4,344,11,Champions
10305,117,4,214.04000000000002,1,2,2,122,5,At Risk
10306,219,3,111.08,1,1,1,111,3,Lost
10307,48,3,195.23,3,1,2,312,6,At Risk
10308,23,4,243.19,3,2,2,322,7,Potential Loyalists
10309,22,3,322.53999999999996,3,1,3,313,7,Potential Loyalists
10310,74,5,139.92,2,2,1,221,5,At Risk
10311,66,4,124.01999999999998,2,2,1,221,5,At Risk
10312,57,6,286.12,2,3,3,233,8,Potential Loyalists
10313,1,7,498.74,4,4,4,444,12,Champions
10314,156,1,14.17,1,1,1,111,3,Lost
10315,98,4,216.07999999999998,2,2,2,222,6,At Risk
10316,122,1,41.48,1,1,1,111,3,Lost
10317,17,10,727.12,4,4,4,444,12,Champions
10318,4,3,285.22,4,1,3,413,8,Potential Loyalists
10319,20,8,580.21,3,4,4,344,11,Champions
10320,10,3,106.78,4,1,1,411,6,At Risk
10321,256,2,101.30000000000001,1,1,1,111,3,Lost
10322,83,5,370.75,2,2,3,223,7,Potential Loyalists
10323,2,8,549.88,4,4,4,444,12,Champions
10324,67,3,122.53,2,1,1,211,4,Lost
10325,98,4,105.12,2,2,1,221,5,At Risk
10326,5,5,306.22,4,2,3,423,9,Loyal Customers
10327,1,3,180.76,4,1,2,412,7,Potential Loyalists
10328,25,5,249.19,3,2,2,322,7,Potential Loyalists
10329,11,5,329.11,4,2,3,423,9,Loyal Customers
10330,21,3,108.55,3,1,1,311,5,At Risk
10331,45,5,354.07,3,2,3,323,8,Potential Loyalists
10332,82,1,28.29,2,1,1,211,4,Lost
10333,166,5,376.22,1,2,3,123,6,At Risk
10334,16,5,264.89,4,2,2,422,8,Potential Loyalists
10335,50,6,312.92,3,3,3,333,9,Loyal Customers
10336,185,3,178.44,1,1,2,112,4,Lost
10337,92,6,223.35,2,3,2,232,7,Potential Loyalists
10338,88,2,121.00999999999999,2,1,1,211,4,Lost
10339,162,3,335.06,1,1,3,113,5,At Risk
10340,60,5,356.69,2,2,3,223,7,Potential Loyalists
10341,3,8,543.26,4,4,4,444,12,Champions
10342,116,4,258.34000000000003,1,2,2,122,5,At Risk
10343,12,9,550.18,4,4,4,444,12,Champions
10344,54,5,179.5,2,2,2,222,6,At Risk
10345,19,7,523.04,4,4,4,444,12,Champions
10346,204,2,81.61,1,1,1,111,3,Lost
10347,55,6,320.82,2,3,3,233,8,Potential Loyalists
10348,9,9,579.18,4,4,4,444,12,Champions
10349,56,8,591.13,2,4,4,244,10,Loyal Customers
10350,213,2,93.66,1,1,1,111,3,Lost
10351,44,3,246.52999999999997,3,1,2,312,6,At Risk
10352,39,6,285.65,3,3,3,333,9,Loyal Customers
10353,29,5,282.4,3,2,3,323,8,Potential Loyalists
10354,222,1,12.49,1,1,1,111,3,Lost
10355,97,6,457.39,2,3,4,234,9,Loyal Customers
10356,29,3,205.37,3,1,2,312,6,At Risk
10357,47,5,276.58,3,2,2,322,7,Potential Loyalists
10358,44,6,704.87,3,3,4,334,10,Loyal Customers
10359,52,6,237.15,2,3,2,232,7,Potential Loyalists
10360,15,6,304.61,4,3,3,433,10,Loyal Customers
10361,112,3,117.89,1,1,1,111,3,Lost
10362,90,7,411.57,2,4,4,244,10,Loyal Customers
10363,26,8,372.15,3,4,3,343,10,Loyal Customers
10364,48,8,352.07,3,4,3,343,10,Loyal Customers
10365,120,4,322.4,1,2,3,123,6,At Risk
10366,11,4,157.74,4,2,1,421,7,Potential Loyalists
10367,294,1,56.19,1,1,1,111,3,Lost
10368,52,4,232.71,2,2,2,222,6,At Risk
10369,9,4,122.68,4,2,1,421,7,Potential Loyalists
10370,139,5,483.52,1,2,4,124,7,Potential Loyalists
10371,252,2,47.18,1,1,1,111,3,Lost
10372,118,5,293.08000000000004,1,2,3,123,6,At Risk
10373,144,6,237.43,1,3,2,132,6,At Risk
10374,66,6,314.23,2,3,3,233,8,Potential Loyalists
10375,7,7,344.88,4,4,3,443,11,Champions
10376,4,6,204.24,4,3,2,432,9,Loyal Customers
10377,155,6,388.57,1,3,3,133,7,Potential Loyalists
10378,17,4,213.9,4,2,2,422,8,Potential Loyalists
10379,16,8,404.31,4,4,4,444,12,Champions
10380,4,8,445.28,4,4,4,444,12,Champions
10381,7,6,281.15,4,3,3,433,10,Loyal Customers
10382,1,3,291.09000000000003,4,1,3,413,8,Potential Loyalists
10383,141,4,248.76,1,2,2,122,5,At Risk
10384,16,6,166.65,4,3,1,431,8,Potential Loyalists
10385,25,9,374.88,3,4,3,343,10,Loyal Customers
10386,77,6,300.92,2,3,3,233,8,Potential Loyalists
10387,18,3,108.19,4,1,1,411,6,At Risk
10388,4,2,61.480000000000004,4,1,1,411,6,At Risk
10389,7,4,835.54,4,2,4,424,10,Loyal Customers
10390,101,5,141.25,1,3,1,131,5,At Risk
10391,14,6,214.37,4,3,2,432,9,Loyal Customers
10392,35,7,350.8,3,4,3,343,10,Loyal Customers
10393,29,3,173.25,3,1,1,311,5,At Risk
10394,12,7,344.74,4,4,3,443,11,Champions
10395,143,4,194.31,1,2,2,122,5,At Risk
10396,2,8,392.52000000000004,4,4,3,443,11,Champions
10397,58,4,257.39,2,2,2,222,6,At Risk
10398,58,7,392.84000000000003,2,4,3,243,9,Loyal Customers
10399,109,5,709.5799999999999,1,3,4,134,8,Potential Loyalists
10400,48,10,550.76,3,4,4,344,11,Champions
10401,11,5,359.98,4,3,3,433,10,Loyal Customers
10402,46,3,136.86,3,1,1,311,5,At Risk
10403,101,3,279.13,1,1,3,113,5,At Risk
10404,56,7,539.3299999999999,2,4,4,244,10,Loyal Customers
10405,3,6,540.23,4,3,4,434,11,Champions
10406,21,8,713.77,3,4,4,344,11,Champions
10407,19,5,334.28,4,3,3,433,10,Loyal Customers
10408,317,1,15.34,1,1,1,111,3,Lost
10409,71,3,309.77,2,1,3,213,6,At Risk
10410,229,3,133.79,1,1,1,111,3,Lost
10411,39,2,87.85,3,1,1,311,5,At Risk
10412,68,2,78.08,2,1,1,211,4,Lost
10413,11,7,347.75,4,4,3,443,11,Champions
10414,109,3,193.92000000000002,1,1,2,112,4,Lost
10415,81,5,227.28,2,3,2,232,7,Potential Loyalists
10416,2,4,241.8,4,2,2,422,8,Potential Loyalists
10417,58,5,345.95,2,3,3,233,8,Potential Loyalists
10418,12,7,211.63,4,4,2,442,10,Loyal Customers
10419,56,9,768.36,2,4,4,244,10,Loyal Customers
10420,40,2,170.53,3,1,1,311,5,At Risk
10421,9,7,310.67,4,4,3,443,11,Champions
10422,82,2,182.42,2,1,2,212,5,At Risk
10423,28,5,303.8,3,3,3,333,9,Loyal Customers
10424,43,5,382.6,3,3,3,333,9,Loyal Customers
10425,8,5,293.0,4,3,3,433,10,Loyal Customers
10426,24,6,370.61,3,3,3,333,9,Loyal Customers
10427,83,4,186.2,2,2,2,222,6,At Risk
10428,130,4,184.63,1,2,2,122,5,At Risk
10429,47,3,148.07,3,1,1,311,5,At Risk
10430,115,4,229.68,1,2,2,122,5,At Risk
10431,58,6,242.11,2,3,2,232,7,Potential Loyalists
10433,72,2,159.52,2,1,1,211,4,Lost
10434,57,10,750.7,2,4,4,244,10,Loyal Customers
10435,55,7,484.3,2,4,4,244,10,Loyal Customers
10436,131,5,482.21999999999997,1,3,4,134,8,Potential Loyalists
10437,3,4,434.92999999999995,4,2,4,424,10,Loyal Customers
10438,6,2,76.13,4,1,1,411,6,At Risk
10439,161,5,281.6,1,3,3,133,7,Potential Loyalists
10440,17,6,187.31,4,3,2,432,9,Loyal Customers
10441,2,6,249.03,4,3,2,432,9,Loyal Customers
10442,154,6,210.38,1,3,2,132,6,At Risk
10443,70,2,418.0,2,1,4,214,7,Potential Loyalists
10444,69,7,430.51,2,4,4,244,10,Loyal Customers
10445,8,3,170.78,4,1,1,411,6,At Risk
10446,92,4,201.68,2,2,2,222,6,At Risk
10447,146,3,195.39999999999998,1,1,2,112,4,Lost
10448,10,6,290.25,4,3,3,433,10,Loyal Customers
10449,62,8,259.53,2,4,2,242,8,Potential Loyalists
10450,23,3,97.97,3,1,1,311,5,At Risk
10451,81,2,119.44,2,1,1,211,4,Lost
10452,4,6,224.43,4,3,2,432,9,Loyal Customers
10453,3,6,426.78999999999996,4,3,4,434,11,Champions
10454,87,9,555.23,2,4,4,244,10,Loyal Customers
10455,28,5,323.28,3,3,3,333,9,Loyal Customers
10456,46,4,401.53999999999996,3,2,4,324,9,Loyal Customers
10457,116,2,38.07,1,1,1,111,3,Lost
10458,53,7,435.01,2,4,4,244,10,Loyal Customers
10459,25,7,297.54999999999995,3,4,3,343,10,Loyal Customers
10460,175,4,450.12,1,2,4,124,7,Potential Loyalists
10461,13,4,221.65,4,2,2,422,8,Potential Loyalists
10462,172,6,604.23,1,3,4,134,8,Potential Loyalists
10463,320,1,86.72,1,1,1,111,3,Lost
10464,12,3,243.97,4,1,2,412,7,Potential Loyalists
10465,97,5,282.55,2,3,3,233,8,Potential Loyalists
10466,56,7,895.6600000000001,2,4,4,244,10,Loyal Customers
10467,73,2,115.42,2,1,1,211,4,Lost
10468,52,5,228.06,2,3,2,232,7,Potential Loyalists
10469,47,3,225.48,3,1,2,312,6,At Risk
10470,123,5,294.11,1,3,3,133,7,Potential Loyalists
10471,68,3,223.59,2,1,2,212,5,At Risk
10472,8,5,353.83000000000004,4,3,3,433,10,Loyal Customers
10473,155,6,279.8,1,3,3,133,7,Potential Loyalists
10474,26,4,144.88,3,2,1,321,6,At Risk
10475,48,11,908.0500000000001,3,4,4,344,11,Champions
10476,16,9,721.89,4,4,4,444,12,Champions
10477,206,3,192.78,1,1,2,112,4,Lost
10478,135,1,25.74,1,1,1,111,3,Lost
10479,24,2,140.72,3,1,1,311,5,At Risk
10480,267,4,169.6,1,2,1,121,4,Lost
10481,29,5,291.49,3,3,3,333,9,Loyal Customers
10482,42,7,215.81,3,4,2,342,9,Loyal Customers
10483,230,2,222.49,1,1,2,112,4,Lost
10484,99,9,359.52,2,4,3,243,9,Loyal Customers
10485,107,3,183.17000000000002,1,1,2,112,4,Lost
10486,248,1,10.51,1,1,1,111,3,Lost
10487,206,5,140.19,1,3,1,131,5,At Risk
10488,17,5,334.0,4,3,3,433,10,Loyal Customers
10489,15,7,396.44,4,4,3,443,11,Champions
10490,135,4,222.89999999999998,1,2,2,122,5,At Risk
10491,10,5,303.25,4,3,3,433,10,Loyal Customers
10492,75,5,177.70000000000002,2,3,2,232,7,Potential Loyalists
10493,38,8,423.2,3,4,4,344,11,Champions
10494,117,3,158.36,1,1,1,111,3,Lost
10495,207,1,33.51,1,1,1,111,3,Lost
10496,52,10,462.89,2,4,4,244,10,Loyal Customers
10497,226,3,182.39999999999998,1,1,2,112,4,Lost
10498,3,5,359.33,4,3,3,433,10,Loyal Customers
10499,42,9,483.79,3,4,4,344,11,Champions
10500,30,5,473.09999999999997,3,3,4,334,10,Loyal Customers
10501,48,3,184.39,3,1,2,312,6,At Risk
10502,29,4,75.22,3,2,1,321,6,At Risk
10503,58,4,250.6,2,2,2,222,6,At Risk
10504,71,6,693.63,2,3,4,234,9,Loyal Customers
10505,28,7,258.36,3,4,2,342,9,Loyal Customers
10506,125,3,132.36,1,1,1,111,3,Lost
10507,81,6,306.61,2,3,3,233,8,Potential Loyalists
10508,3,4,215.2,4,2,2,422,8,Potential Loyalists
10509,53,4,181.98000000000002,2,2,2,222,6,At Risk
10510,56,8,662.64,2,4,4,244,10,Loyal Customers
10511,112,4,197.34,1,2,2,122,5,At Risk
10512,148,5,400.76,1,3,4,134,8,Potential Loyalists
10513,179,4,260.29,1,2,2,122,5,At Risk
10514,1,5,416.87,4,3,4,434,11,Champions
10515,69,8,445.23,2,4,4,244,10,Loyal Customers
10516,69,10,438.98,2,4,4,244,10,Loyal Customers
10517,40,3,152.41,3,1,1,311,5,At Risk
10518,19,4,107.63,4,2,1,421,7,Potential Loyalists
10519,17,7,606.23,4,4,4,444,12,Champions
10520,123,6,383.91,1,3,3,133,7,Potential Loyalists
10521,287,3,152.83,1,1,1,111,3,Lost
10522,84,3,305.25,2,1,3,213,6,At Risk
10523,52,8,446.46,2,4,4,244,10,Loyal Customers
10524,102,5,279.06,1,3,3,133,7,Potential Loyalists
10525,29,10,803.42,3,4,4,344,11,Champions
10526,116,4,322.4,1,2,3,123,6,At Risk
10527,297,1,77.99,1,1,1,111,3,Lost
10528,101,4,144.54,1,2,1,121,4,Lost
10529,18,2,110.5,4,1,1,411,6,At Risk
10530,106,3,155.23999999999998,1,1,1,111,3,Lost
10531,28,6,212.89,3,3,2,332,8,Potential Loyalists
10532,16,5,173.46,4,3,2,432,9,Loyal Customers
10533,217,2,138.76,1,1,1,111,3,Lost
10534,34,2,142.89,3,1,1,311,5,At Risk
10535,246,3,137.68,1,1,1,111,3,Lost
10536,104,8,343.48,1,4,3,143,8,Potential Loyalists
10537,54,4,224.94,2,2,2,222,6,At Risk
10538,1,4,127.14,4,2,1,421,7,Potential Loyalists
10539,68,4,98.74000000000001,2,2,1,221,5,At Risk
10540,55,3,156.23000000000002,2,1,1,211,4,Lost
10541,8,6,377.19,4,3,3,433,10,Loyal Customers
10542,5,3,150.0,4,1,1,411,6,At Risk
10543,40,3,127.85999999999999,3,1,1,311,5,At Risk
10544,154,1,59.42,1,1,1,111,3,Lost
10545,137,5,242.72,1,3,2,132,6,At Risk
10546,26,8,357.63,3,4,3,343,10,Loyal Customers
10547,10,6,248.93,4,3,2,432,9,Loyal Customers
10548,151,5,190.59,1,3,2,132,6,At Risk
10549,11,8,318.53000000000003,4,4,3,443,11,Champions
10550,14,7,416.58,4,4,4,444,12,Champions
10551,151,3,197.19,1,1,2,112,4,Lost
10552,49,4,136.95,3,2,1,321,6,At Risk
10553,7,10,757.32,4,4,4,444,12,Champions
10554,181,1,20.66,1,1,1,111,3,Lost
10555,45,6,268.24,3,3,2,332,8,Potential Loyalists
10556,29,5,205.64,3,3,2,332,8,Potential Loyalists
10557,108,6,390.21000000000004,1,3,3,133,7,Potential Loyalists
10558,52,7,371.41,2,4,3,243,9,Loyal Customers
10559,30,3,74.25999999999999,3,1,1,311,5,At Risk
10560,59,7,475.45,2,4,4,244,10,Loyal Customers
10561,26,6,227.86,3,3,2,332,8,Potential Loyalists
10562,49,8,339.83000000000004,3,4,3,343,10,Loyal Customers
10563,138,6,299.71000000000004,1,3,3,133,7,Potential Loyalists
10564,147,3,144.35,1,1,1,111,3,Lost
10565,15,6,281.17,4,3,3,433,10,Loyal Customers
10566,56,4,257.17,2,2,2,222,6,At Risk
10567,26,2,220.09,3,1,2,312,6,At Risk
10568,107,3,148.47,1,1,1,111,3,Lost
10569,1,4,149.94,4,2,1,421,7,Potential Loyalists
10570,72,7,358.54,2,4,3,243,9,Loyal Customers
10571,3,6,421.11,4,3,4,434,11,Champions
10572,103,7,240.11,1,4,2,142,7,Potential Loyalists
10573,53,7,396.39,2,4,3,243,9,Loyal Customers
10574,7,8,361.49,4,4,3,443,11,Champions
10575,4,4,233.26999999999998,4,2,2,422,8,Potential Loyalists
10576,108,3,62.53,1,1,1,111,3,Lost
10577,1,5,218.97,4,3,2,432,9,Loyal Customers
10578,2,6,363.78999999999996,4,3,3,433,10,Loyal Customers
10579,32,6,139.41,3,3,1,331,7,Potential Loyalists
10580,12,6,319.34000000000003,4,3,3,433,10,Loyal Customers
10581,11,5,215.77,4,3,2,432,9,Loyal Customers
10582,116,2,158.42000000000002,1,1,1,111,3,Lost
10583,16,8,342.98,4,4,3,443,11,Champions
10584,30,3,146.02,3,1,1,311,5,At Risk
10585,24,3,150.37,3,1,1,311,5,At Risk
10586,227,3,119.00000000000001,1,1,1,111,3,Lost
10587,123,8,410.28999999999996,1,4,4,144,9,Loyal Customers
10588,53,4,215.26999999999998,2,2,2,222,6,At Risk
10589,70,3,196.79999999999998,2,1,2,212,5,At Risk
10590,39,2,224.0,3,1,2,312,6,At Risk
10591,134,3,245.73,1,1,2,112,4,Lost
10592,5,4,276.19000000000005,4,2,2,422,8,Potential Loyalists
10593,11,8,617.61,4,4,4,444,12,Champions
10594,112,1,67.58,1,1,1,111,3,Lost
10595,42,5,176.78,3,3,2,332,8,Potential Loyalists
10596,310,2,59.7,1,1,1,111,3,Lost
10597,10,7,593.29,4,4,4,444,12,Champions
10598,203,3,107.7,1,1,1,111,3,Lost
10600,7,5,236.31,4,3,2,432,9,Loyal Customers
10601,21,9,338.77,3,4,3,343,10,Loyal Customers
10602,85,1,17.03,2,1,1,211,4,Lost
10603,143,8,351.26,1,4,3,143,8,Potential Loyalists
10604,31,6,445.38,3,3,4,334,10,Loyal Customers
10605,96,2,60.21,2,1,1,211,4,Lost
10606,5,5,264.72,4,3,2,432,9,Loyal Customers
10607,58,5,407.15999999999997,2,3,4,234,9,Loyal Customers
10608,68,4,149.05,2,2,1,221,5,At Risk
10609,50,8,466.79,3,4,4,344,11,Champions
10610,53,3,336.5,2,1,3,213,6,At Risk
10611,21,6,377.62,3,3,3,333,9,Loyal Customers
10612,20,11,738.36,3,4,4,344,11,Champions
10613,13,3,122.57000000000001,4,1,1,411,6,At Risk
10614,164,3,186.96,1,1,2,112,4,Lost
10615,127,5,247.64,1,3,2,132,6,At Risk
10616,48,4,106.36,3,2,1,321,6,At Risk
10617,193,4,315.3,1,2,3,123,6,At Risk
10618,42,4,368.73,3,2,3,323,8,Potential Loyalists
10619,12,7,367.23,4,4,3,443,11,Champions
10620,126,3,195.64,1,1,2,112,4,Lost
10621,200,4,333.90999999999997,1,2,3,123,6,At Risk
10622,10,8,569.73,4,4,4,444,12,Champions
10623,22,5,334.36,3,3,3,333,9,Loyal Customers
10624,166,6,267.77,1,3,2,132,6,At Risk
10625,25,4,176.45,3,2,2,322,7,Potential Loyalists
10626,189,2,134.62,1,1,1,111,3,Lost
10627,10,6,299.25,4,3,3,433,10,Loyal Customers
10628,25,7,354.11,3,4,3,343,10,Loyal Customers
10629,73,5,424.97,2,3,4,234,9,Loyal Customers
10630,50,4,165.82999999999998,3,2,1,321,6,At Risk
10631,45,4,373.18,3,2,3,323,8,Potential Loyalists
10632,56,6,295.92,2,3,3,233,8,Potential Loyalists
10633,56,6,190.87,2,3,2,232,7,Potential Loyalists
10634,175,3,165.53,1,1,1,111,3,Lost
10635,21,2,94.33,3,1,1,311,5,At Risk
10636,1,7,464.53,4,4,4,444,12,Champions
10637,22,7,343.17,3,4,3,343,10,Loyal Customers
10638,62,4,532.96,2,2,4,224,8,Potential Loyalists
10639,58,6,432.76,2,3,4,234,9,Loyal Customers
10640,74,5,165.16,2,3,1,231,6,At Risk
10641,54,5,414.86,2,3,4,234,9,Loyal Customers
10642,17,4,303.31,4,2,3,423,9,Loyal Customers
10643,10,3,156.93,4,1,1,411,6,At Risk
10644,11,6,363.52,4,3,3,433,10,Loyal Customers
10645,11,8,361.86,4,4,3,443,11,Champions
10646,90,3,84.94,2,1,1,211,4,Lost
10647,188,11,631.56,1,4,4,144,9,Loyal Customers
10648,164,3,129.1,1,1,1,111,3,Lost
10649,28,4,49.8,3,2,1,321,6,At Risk
10650,7,2,169.96,4,1,1,411,6,At Risk
10651,57,2,126.14,2,1,1,211,4,Lost
10652,19,5,381.16999999999996,4,3,3,433,10,Loyal Customers
10653,48,6,364.2,3,3,3,333,9,Loyal Customers
10654,52,7,391.71999999999997,2,4,3,243,9,Loyal Customers
10655,5,6,314.85,4,3,3,433,10,Loyal Customers
10656,97,6,245.06,2,3,2,232,7,Potential Loyalists
10657,38,6,268.41,3,3,2,332,8,Potential Loyalists
10658,72,11,745.2099999999999,2,4,4,244,10,Loyal Customers
10659,3,7,305.3,4,4,3,443,11,Champions
10660,5,7,398.28,4,4,4,444,12,Champions
10661,96,9,250.85,2,4,2,242,8,Potential Loyalists
10662,82,6,329.08,2,3,3,233,8,Potential Loyalists
10663,10,14,946.4499999999999,4,4,4,444,12,Champions
10664,88,6,131.15,2,3,1,231,6,At Risk
10665,50,10,428.96000000000004,3,4,4,344,11,Champions
10666,68,4,231.01,2,2,2,222,6,At Risk
10667,147,2,67.02,1,1,1,111,3,Lost
10668,34,5,356.4,3,3,3,333,9,Loyal Customers
10669,47,12,964.61,3,4,4,344,11,Champions
10671,22,10,709.25,3,4,4,344,11,Champions
10672,79,7,626.24,2,4,4,244,10,Loyal Customers
10673,60,2,187.94,2,1,2,212,5,At Risk
10674,117,5,131.37,1,3,1,131,5,At Risk
10675,19,11,498.52,4,4,4,444,12,Champions
10676,59,3,113.15,2,1,1,211,4,Lost
10677,86,4,263.90000000000003,2,2,2,222,6,At Risk
10678,4,3,65.23,4,1,1,411,6,At Risk
10679,78,1,106.46,2,1,1,211,4,Lost
10680,144,5,241.89999999999998,1,3,2,132,6,At Risk
10681,22,6,300.52,3,3,3,333,9,Loyal Customers
10682,1,4,380.28,4,2,3,423,9,Loyal Customers
10683,26,4,333.57,3,2,3,323,8,Potential Loyalists
10684,9,10,721.5899999999999,4,4,4,444,12,Champions
10685,3,5,224.56,4,3,2,432,9,Loyal Customers
10686,1,7,317.41,4,4,3,443,11,Champions
10687,13,6,243.1,4,3,2,432,9,Loyal Customers
10688,95,8,386.42,2,4,3,243,9,Loyal Customers
10689,56,7,374.08000000000004,2,4,3,243,9,Loyal Customers
10690,95,6,329.22,2,3,3,233,8,Potential Loyalists
10691,2,5,246.42,4,3,2,432,9,Loyal Customers
10692,79,7,357.5,2,4,3,243,9,Loyal Customers
10694,73,4,250.71,2,2,2,222,6,At Risk
10695,4,5,413.41,4,3,4,434,11,Champions
10696,118,2,49.43000000000001,1,1,1,111,3,Lost
10697,19,5,398.71000000000004,4,3,4,434,11,Champions
10698,12,4,185.97,4,2,2,422,8,Potential Loyalists
10699,25,8,494.7,3,4,4,344,11,Champions
10700,53,6,393.69000000000005,2,3,3,233,8,Potential Loyalists
10701,41,4,306.56,3,2,3,323,8,Potential Loyalists
10702,49,5,510.46,3,3,4,334,10,Loyal Customers
10703,27,11,804.49,3,4,4,344,11,Champions
10704,106,3,170.28,1,1,1,111,3,Lost
10705,91,1,138.31,2,1,1,211,4,Lost
10706,87,3,132.14,2,1,1,211,4,Lost
10707,57,5,104.49,2,3,1,231,6,At Risk
10708,141,4,157.5,1,2,1,121,4,Lost
10709,19,8,874.61,4,4,4,444,12,Champions
10710,42,4,319.65999999999997,3,2,3,323,8,Potential Loyalists
10711,94,2,33.650000000000006,2,1,1,211,4,Lost
10712,29,3,241.96,3,1,2,312,6,At Risk
10713,20,6,309.83,3,3,3,333,9,Loyal Customers
10714,50,4,240.83,3,2,2,322,7,Potential Loyalists
10715,269,2,74.31,1,1,1,111,3,Lost
10716,221,2,274.08000000000004,1,1,2,112,4,Lost
10717,97,3,116.13,2,1,1,211,4,Lost
10718,207,2,71.19999999999999,1,1,1,111,3,Lost
10719,17,4,175.91000000000003,4,2,2,422,8,Potential Loyalists
10720,14,2,153.67000000000002,4,1,1,411,6,At Risk
10721,5,2,124.21000000000001,4,1,1,411,6,At Risk
10722,148,2,222.8,1,1,2,112,4,Lost
10723,53,3,167.55,2,1,1,211,4,Lost
10724,13,7,254.86,4,4,2,442,10,Loyal Customers
10725,3,8,791.77,4,4,4,444,12,Champions
10726,23,11,559.36,3,4,4,344,11,Champions
10727,74,4,224.88,2,2,2,222,6,At Risk
10728,87,4,143.16,2,2,1,221,5,At Risk
10729,78,5,334.1,2,3,3,233,8,Potential Loyalists
10730,26,5,217.04,3,3,2,332,8,Potential Loyalists
10731,179,4,321.99,1,2,3,123,6,At Risk
10732,23,3,216.96,3,1,2,312,6,At Risk
10733,124,6,288.62,1,3,3,133,7,Potential Loyalists
10734,76,5,577.67,2,3,4,234,9,Loyal Customers
10735,61,8,467.4,2,4,4,244,10,Loyal Customers
10736,230,4,173.44,1,2,2,122,5,At Risk
10737,71,5,124.94999999999999,2,3,1,231,6,At Risk
10738,77,8,495.7,2,4,4,244,10,Loyal Customers
10739,93,5,238.78,2,3,2,232,7,Potential Loyalists
10740,31,5,280.64,3,3,3,333,9,Loyal Customers
10741,9,2,341.47,4,1,3,413,8,Potential Loyalists
10742,67,4,235.94,2,2,2,222,6,At Risk
10743,98,6,444.54,2,3,4,234,9,Loyal Customers
10744,24,4,185.11999999999998,3,2,2,322,7,Potential Loyalists
10745,92,3,145.71,2,2,1,221,5,At Risk
10746,111,2,201.41,1,1,2,112,4,Lost
10747,115,6,382.84000000000003,1,3,3,133,7,Potential Loyalists
10748,105,7,194.48,1,4,2,142,7,Potential Loyalists
10749,111,4,699.3299999999999,1,2,4,124,7,Potential Loyalists
10750,18,7,392.72,4,4,3,443,11,Champions
10751,17,5,287.43,4,3,3,433,10,Loyal Customers
10752,65,4,95.8,2,2,1,221,5,At Risk
10753,61,3,206.74,2,2,2,222,6,At Risk
10754,92,5,372.15,2,3,3,233,8,Potential Loyalists
10756,103,4,257.52,1,2,2,122,5,At Risk
10757,202,5,439.14,1,3,4,134,8,Potential Loyalists
10758,97,8,291.49,2,4,3,243,9,Loyal Customers
10759,16,3,99.59,4,2,1,421,7,Potential Loyalists
10760,6,7,987.8199999999999,4,4,4,444,12,Champions
10761,17,6,422.73,4,3,4,434,11,Champions
10762,118,6,466.88000000000005,1,3,4,134,8,Potential Loyalists
10763,59,9,489.11,2,4,4,244,10,Loyal Customers
10765,170,1,26.99,1,1,1,111,3,Lost
10766,161,6,432.49,1,3,4,134,8,Potential Loyalists
10767,19,4,189.95,4,2,2,422,8,Potential Loyalists
10768,26,6,438.94,3,3,4,334,10,Loyal Customers
10769,16,7,353.84000000000003,4,4,3,443,11,Champions
10770,7,6,394.77000000000004,4,3,3,433,10,Loyal Customers
10771,13,8,535.5699999999999,4,4,4,444,12,Champions
10772,246,3,431.78999999999996,1,2,4,124,7,Potential Loyalists
10773,1,7,516.28,4,4,4,444,12,Champions
10774,69,3,138.73000000000002,2,2,1,221,5,At Risk
10775,1,11,610.12,4,4,4,444,12,Champions
10776,65,4,317.07,2,2,3,223,7,Potential Loyalists
10777,19,5,223.53,4,3,2,432,9,Loyal Customers
10778,8,10,573.5699999999999,4,4,4,444,12,Champions
10779,118,4,309.75,1,2,3,123,6,At Risk
10780,64,7,343.48,2,4,3,243,9,Loyal Customers
10781,94,3,183.32000000000002,2,2,2,222,6,At Risk
10782,3,7,429.67,4,4,4,444,12,Champions
10783,97,2,63.34,2,1,1,211,4,Lost
10784,154,4,375.22,1,2,3,123,6,At Risk
10785,9,2,311.22,4,1,3,413,8,Potential Loyalists
10786,57,8,348.73,2,4,3,243,9,Loyal Customers
10787,207,2,144.02,1,1,1,111,3,Lost
10788,5,5,342.36,4,3,3,433,10,Loyal Customers
10789,126,2,145.04,1,1,1,111,3,Lost
10790,231,2,74.8,1,1,1,111,3,Lost
10791,13,5,421.64,4,3,4,434,11,Champions
10792,27,5,479.13,3,3,4,334,10,Loyal Customers
10793,118,8,345.77,1,4,3,143,8,Potential Loyalists
10794,233,4,203.41,1,2,2,122,5,At Risk
10795,16,6,241.0,4,3,2,432,9,Loyal Customers
10796,94,7,207.5,2,4,2,242,8,Potential Loyalists
10797,25,8,439.64,3,4,4,344,11,Champions
10798,72,1,11.6,2,1,1,211,4,Lost
10799,3,9,514.38,4,4,4,444,12,Champions
10800,91,5,281.39,2,3,3,233,8,Potential Loyalists
10801,151,6,444.3,1,3,4,134,8,Potential Loyalists
10802,9,6,496.99,4,3,4,434,11,Champions
10803,32,5,401.19,3,3,4,334,10,Loyal Customers
10804,46,10,583.5,3,4,4,344,11,Champions
10805,45,8,323.53999999999996,3,4,3,343,10,Loyal Customers
10806,47,5,336.01,3,3,3,333,9,Loyal Customers
10808,127,2,230.10000000000002,1,1,2,112,4,Lost
10809,319,1,17.58,1,1,1,111,3,Lost
10810,93,3,178.25,2,2,2,222,6,At Risk
10811,65,4,270.25,2,2,2,222,6,At Risk
10812,16,7,245.85,4,4,2,442,10,Loyal Customers
10813,35,6,295.86,3,3,3,333,9,Loyal Customers
10814,66,8,645.55,2,4,4,244,10,Loyal Customers
10815,55,6,248.69,2,3,2,232,7,Potential Loyalists
10816,54,7,492.34000000000003,2,4,4,244,10,Loyal Customers
10817,241,2,63.510000000000005,1,1,1,111,3,Lost
10818,59,6,437.07000000000005,2,3,4,234,9,Loyal Customers
10819,24,7,438.11,3,4,4,344,11,Champions
10820,93,4,209.26999999999998,2,2,2,222,6,At Risk
10821,6,10,741.73,4,4,4,444,12,Champions
10822,18,6,344.98,4,3,3,433,10,Loyal Customers
10823,21,5,412.13,3,3,4,334,10,Loyal Customers
10824,12,7,263.82,4,4,2,442,10,Loyal Customers
10825,34,5,430.19,3,3,4,334,10,Loyal Customers
10826,70,5,251.33999999999997,2,3,2,232,7,Potential Loyalists
10827,134,10,1104.58,1,4,4,144,9,Loyal Customers
10828,84,5,296.73,2,3,3,233,8,Potential Loyalists
10829,13,3,208.52,4,2,2,422,8,Potential Loyalists
10830,95,8,434.07,2,4,4,244,10,Loyal Customers
10831,166,5,318.15999999999997,1,3,3,133,7,Potential Loyalists
10832,5,6,228.93,4,3,2,432,9,Loyal Customers
10833,127,2,157.8,1,1,1,111,3,Lost
10834,90,5,289.28,2,3,3,233,8,Potential Loyalists
10835,3,4,333.8,4,2,3,423,9,Loyal Customers
10836,16,9,529.41,4,4,4,444,12,Champions
10837,92,6,356.56,2,3,3,233,8,Potential Loyalists
10838,126,2,47.69,1,1,1,111,3,Lost
10839,49,10,729.27,3,4,4,344,11,Champions
10840,275,2,178.79,1,1,2,112,4,Lost
10841,94,6,434.07,2,3,4,234,9,Loyal Customers
10842,32,4,233.13,3,2,2,322,7,Potential Loyalists
10843,111,2,169.22,1,1,1,111,3,Lost
10844,69,5,214.97,2,3,2,232,7,Potential Loyalists
10845,26,3,92.02,3,2,1,321,6,At Risk
10846,44,3,285.87,3,2,3,323,8,Potential Loyalists
10847,110,4,232.19,1,2,2,122,5,At Risk
10848,25,6,504.48,3,3,4,334,10,Loyal Customers
10849,156,5,216.81,1,3,2,132,6,At Risk
10850,82,3,177.23000000000002,2,2,2,222,6,At Risk
10851,2,7,312.22,4,4,3,443,11,Champions
10852,35,6,347.19,3,3,3,333,9,Loyal Customers
10853,38,6,397.51,3,3,4,334,10,Loyal Customers
10854,15,3,110.47,4,2,1,421,7,Potential Loyalists
10855,2,5,448.07,4,3,4,434,11,Champions
10856,177,5,456.6,1,3,4,134,8,Potential Loyalists
10857,119,2,123.78,1,1,1,111,3,Lost
10858,41,7,420.9,3,4,4,344,11,Champions
10859,15,2,73.93,4,1,1,411,6,At Risk
10860,27,5,280.07,3,3,3,333,9,Loyal Customers
10861,47,4,192.63,3,2,2,322,7,Potential Loyalists
10862,136,2,111.15,1,1,1,111,3,Lost
10863,31,6,361.06,3,3,3,333,9,Loyal Customers
10864,66,4,180.2,2,2,2,222,6,At Risk
10865,44,8,329.56,3,4,3,343,10,Loyal Customers
10866,43,9,522.98,3,4,4,344,11,Champions
10867,185,2,342.48,1,1,3,113,5,At Risk
10868,141,5,378.15,1,3,3,133,7,Potential Loyalists
10869,6,1,134.9,4,1,1,411,6,At Risk
10870,63,5,233.37,2,3,2,232,7,Potential Loyalists
10871,67,8,501.35,2,4,4,244,10,Loyal Customers
10872,41,5,175.98,3,3,2,332,8,Potential Loyalists
10873,18,3,47.32,4,2,1,421,7,Potential Loyalists
10874,171,2,97.28999999999999,1,1,1,111,3,Lost
10875,83,6,282.0,2,3,3,233,8,Potential Loyalists
10876,63,8,834.28,2,4,4,244,10,Loyal Customers
10877,17,5,207.86,4,3,2,432,9,Loyal Customers
10878,133,3,277.26,1,2,3,123,6,At Risk
10879,150,2,70.64999999999999,1,1,1,111,3,Lost
10880,3,11,436.95,4,4,4,444,12,Champions
10881,13,3,117.80000000000001,4,2,1,421,7,Potential Loyalists
10882,74,9,726.9,2,4,4,244,10,Loyal Customers
10883,192,4,122.58,1,2,1,121,4,Lost
10884,164,4,360.24,1,2,3,123,6,At Risk
10885,122,6,377.70000000000005,1,3,3,133,7,Potential Loyalists
10886,77,5,249.82,2,3,2,232,7,Potential Loyalists
10887,14,8,309.21999999999997,4,4,3,443,11,Champions
10888,98,2,117.0,2,1,1,211,4,Lost
10889,57,1,72.97,2,1,1,211,4,Lost
10890,77,9,779.6,2,4,4,244,10,Loyal Customers
10891,22,7,514.13,3,4,4,344,11,Champions
10892,162,3,262.42,1,2,2,122,5,At Risk
10893,237,3,116.95,1,2,1,121,4,Lost
10894,32,3,76.88,3,2,1,321,6,At Risk
10895,9,6,316.34,4,3,3,433,10,Loyal Customers
10896,17,4,319.69,4,2,3,423,9,Loyal Customers
10897,125,3,219.29,1,2,2,122,5,At Risk
10898,18,7,319.01,4,4,3,443,11,Champions
10899,104,7,310.9,1,4,3,143,8,Potential Loyalists
10900,288,3,66.39,1,2,1,121,4,Lost
10901,101,4,377.87,1,2,3,123,6,At Risk
10902,13,6,223.92,4,3,2,432,9,Loyal Customers
10903,13,3,338.78999999999996,4,2,3,423,9,Loyal Customers
10904,87,6,294.49,2,3,3,233,8,Potential Loyalists
10905,55,6,788.32,2,3,4,234,9,Loyal Customers
10906,7,4,160.22,4,2,1,421,7,Potential Loyalists
10907,23,4,267.84000000000003,3,2,2,322,7,Potential Loyalists
10908,127,6,277.62,1,3,3,133,7,Potential Loyalists
10909,67,5,196.84,2,3,2,232,7,Potential Loyalists
10910,64,6,446.53,2,3,4,234,9,Loyal Customers
10911,74,7,603.59,2,4,4,244,10,Loyal Customers
10912,117,4,253.04,1,2,2,122,5,At Risk
10913,25,4,180.73000000000002,3,2,2,322,7,Potential Loyalists
10914,87,9,504.77,2,4,4,244,10,Loyal Customers
10915,10,6,620.4599999999999,4,3,4,434,11,Champions
10916,54,6,480.77000000000004,2,3,4,234,9,Loyal Customers
10917,263,4,250.07,1,2,2,122,5,At Risk
10918,39,6,356.23,3,3,3,333,9,Loyal Customers
10919,31,6,297.55,3,3,3,333,9,Loyal Customers
10920,18,10,894.86,4,4,4,444,12,Champions
10921,43,5,305.93,3,3,3,333,9,Loyal Customers
10922,44,6,286.97,3,3,3,333,9,Loyal Customers
10923,76,3,274.49,2,2,2,222,6,At Risk
10924,71,3,188.70000000000002,2,2,2,222,6,At Risk
10925,93,4,210.79,2,2,2,222,6,At Risk
10926,14,5,243.82,4,3,2,432,9,Loyal Customers
10927,103,4,132.86,1,2,1,121,4,Lost
10928,6,12,579.51,4,4,4,444,12,Champions
10929,48,6,428.31,3,3,4,334,10,Loyal Customers
10930,38,3,247.01,3,2,2,322,7,Potential Loyalists
10931,2,5,135.52,4,3,1,431,8,Potential Loyalists
10932,129,4,331.0,1,2,3,123,6,At Risk
10933,31,7,276.54,3,4,2,342,9,Loyal Customers
10934,8,6,448.5,4,3,4,434,11,Champions
10935,20,12,1049.96,3,4,4,344,11,Champions
10936,76,8,536.92,2,4,4,244,10,Loyal Customers
10937,46,3,76.67,3,2,1,321,6,At Risk
10938,94,4,175.05,2,2,2,222,6,At Risk
10939,6,6,345.5,4,3,3,433,10,Loyal Customers
10940,28,3,91.24000000000001,3,2,1,321,6,At Risk
10941,173,4,244.08,1,2,2,122,5,At Risk
10942,111,8,435.16,1,4,4,144,9,Loyal Customers
10943,19,6,771.22,4,3,4,434,11,Champions
10944,47,4,227.78,3,2,2,322,7,Potential Loyalists
10945,18,6,510.9,4,3,4,434,11,Champions
10946,25,9,365.99,3,4,3,343,10,Loyal Customers
10947,58,4,296.65,2,2,3,223,7,Potential Loyalists
10948,19,4,140.45999999999998,4,2,1,421,7,Potential Loyalists
10949,35,2,95.55,3,1,1,311,5,At Risk
10950,7,4,260.0,4,2,2,422,8,Potential Loyalists
10951,5,6,432.20000000000005,4,3,4,434,11,Champions
10952,14,6,279.53000000000003,4,3,3,433,10,Loyal Customers
10953,107,3,196.48,1,2,2,122,5,At Risk
10954,4,8,629.19,4,4,4,444,12,Champions
10955,1,10,376.68,4,4,3,443,11,Champions
10956,8,7,331.65,4,4,3,443,11,Champions
10957,21,12,936.53,3,4,4,344,11,Champions
10958,51,6,272.59,3,3,2,332,8,Potential Loyalists
10959,132,3,212.28000000000003,1,2,2,122,5,At Risk
10960,62,2,115.57,2,1,1,211,4,Lost
10961,35,9,343.44,3,4,3,343,10,Loyal Customers
10962,220,5,152.97,1,3,1,131,5,At Risk
10963,132,4,160.67000000000002,1,2,1,121,4,Lost
10964,343,1,108.4,1,1,1,111,3,Lost
10965,13,6,358.65999999999997,4,3,3,433,10,Loyal Customers
10966,237,2,163.43,1,1,1,111,3,Lost
10967,11,6,610.25,4,3,4,434,11,Champions
10968,30,5,451.71000000000004,3,3,4,334,10,Loyal Customers
10969,56,4,170.21,2,2,1,221,5,At Risk
10970,8,8,356.02,4,4,3,443,11,Champions
10971,111,3,103.35000000000001,1,2,1,121,4,Lost
10972,16,9,725.55,4,4,4,444,12,Champions
10973,33,7,857.1999999999999,3,4,4,344,11,Champions
10974,110,5,228.89,1,3,2,132,6,At Risk
10975,169,5,165.47,1,3,1,131,5,At Risk
10976,35,5,217.66,3,3,2,332,8,Potential Loyalists
10977,35,7,387.12,3,4,3,343,10,Loyal Customers
10978,214,1,90.64,1,1,1,111,3,Lost
10979,25,6,391.37,3,3,3,333,9,Loyal Customers
10980,98,5,411.56,2,3,4,234,9,Loyal Customers
10981,79,4,394.23,2,2,3,223,7,Potential Loyalists
10982,26,7,345.76,3,4,3,343,10,Loyal Customers
10983,2,7,538.98,4,4,4,444,12,Champions
10984,18,6,255.97000000000003,4,3,2,432,9,Loyal Customers
10985,69,6,439.38,2,3,4,234,9,Loyal Customers
10986,72,6,158.14,2,3,1,231,6,At Risk
10987,9,8,286.1,4,4,3,443,11,Champions
10988,42,4,82.80000000000001,3,2,1,321,6,At Risk
10989,27,8,408.0,3,4,4,344,11,Champions
10990,76,3,57.379999999999995,2,2,1,221,5,At Risk
10991,183,3,215.03000000000003,1,2,2,122,5,At Risk
10992,40,6,197.76,3,3,2,332,8,Potential Loyalists
10993,62,6,554.17,2,4,4,244,10,Loyal Customers
10994,30,5,549.05,3,3,4,334,10,Loyal Customers
10995,64,4,343.83,2,2,3,223,7,Potential Loyalists
10996,192,7,610.85,1,4,4,144,9,Loyal Customers
10997,181,6,585.1800000000001,1,4,4,144,9,Loyal Customers
10998,56,5,305.06,2,3,3,233,8,Potential Loyalists
10999,146,1,96.68,1,1,1,111,3,Lost
